<?xml version="1.0" encoding="UTF-8"?>
<project-private xmlns="http://www.netbeans.org/ns/project-private/1">
    <editor-bookmarks xmlns="http://www.netbeans.org/ns/editor-bookmarks/2" lastBookmarkId="0"/>
    <open-files xmlns="http://www.netbeans.org/ns/projectui-open-files/2">
        <group>
            <file>file:/C:/Users/Ssanchez/Documents/NetBeansProjects/MarketMusic/src/java/Utiles/dbUtils.java</file>
            <file>file:/C:/Users/Ssanchez/Documents/NetBeansProjects/MarketMusic/web/error.html</file>
            <file>file:/C:/Users/Ssanchez/Documents/NetBeansProjects/MarketMusic/src/java/Modeles/Command.java</file>
            <file>file:/C:/Users/Ssanchez/Documents/NetBeansProjects/MarketMusic/src/java/Controleurs/MarketMusicControler.java</file>
            <file>file:/C:/Users/Ssanchez/Documents/NetBeansProjects/MarketMusic/web/catalogue.jsp</file>
            <file>file:/C:/Users/Ssanchez/Documents/NetBeansProjects/MarketMusic/src/java/Modeles/CD.java</file>
            <file>file:/C:/Users/Ssanchez/Documents/NetBeansProjects/MarketMusic/web/index.html</file>
        </group>
    </open-files>
</project-private>
