<?xml version="1.0" encoding="UTF-8"?>
<project-private xmlns="http://www.netbeans.org/ns/project-private/1">
    <editor-bookmarks xmlns="http://www.netbeans.org/ns/editor-bookmarks/2" lastBookmarkId="0"/>
    <open-files xmlns="http://www.netbeans.org/ns/projectui-open-files/2">
        <group>
            <file>file:/C:/Users/pierr/Documents/NetBeansProjects/projetphp/modeles/diplome_modele.php</file>
            <file>file:/C:/Users/pierr/Documents/NetBeansProjects/projetphp/vues/universites/universites_vue.php</file>
            <file>file:/C:/Users/pierr/Documents/NetBeansProjects/projetphp/vues/programmes/programmes_vue.php</file>
            <file>file:/C:/Users/pierr/Documents/NetBeansProjects/projetphp/vues/programmes/programmes_addform_vue.php</file>
            <file>file:/C:/Users/pierr/Documents/NetBeansProjects/projetphp/utils.php</file>
            <file>file:/C:/Users/pierr/Documents/NetBeansProjects/projetphp/routage.php</file>
            <file>file:/C:/Users/pierr/Documents/NetBeansProjects/projetphp/modeles/programme_modele.php</file>
            <file>file:/C:/Users/pierr/Documents/NetBeansProjects/projetphp/modeles/contrat_modele.php</file>
            <file>file:/C:/Users/pierr/Documents/NetBeansProjects/projetphp/navbar.inc.php</file>
            <file>file:/C:/Users/pierr/Documents/NetBeansProjects/projetphp/controleurs/diplomes_controleur.php</file>
            <file>file:/C:/Users/pierr/Documents/NetBeansProjects/projetphp/vues/cours/cours_vue.php</file>
        </group>
    </open-files>
</project-private>
